{
    "name": "root",
    "gauges": {
        "MazeBall.Policy.Entropy.mean": {
            "value": 1.7329864501953125,
            "min": 1.688753366470337,
            "max": 1.740548014640808,
            "count": 133
        },
        "MazeBall.Policy.Entropy.sum": {
            "value": 13030.3251953125,
            "min": 12603.166015625,
            "max": 13157.451171875,
            "count": 133
        },
        "MazeBall.Environment.EpisodeLength.mean": {
            "value": 53.093525179856115,
            "min": 50.54109589041096,
            "max": 1499.0,
            "count": 133
        },
        "MazeBall.Environment.EpisodeLength.sum": {
            "value": 7380.0,
            "min": 6187.0,
            "max": 8324.0,
            "count": 133
        },
        "MazeBall.Step.mean": {
            "value": 997487.0,
            "min": 7498.0,
            "max": 997487.0,
            "count": 133
        },
        "MazeBall.Step.sum": {
            "value": 997487.0,
            "min": 7498.0,
            "max": 997487.0,
            "count": 133
        },
        "MazeBall.Policy.ExtrinsicValueEstimate.mean": {
            "value": 0.7540677785873413,
            "min": -0.05882157385349274,
            "max": 0.7753511071205139,
            "count": 133
        },
        "MazeBall.Policy.ExtrinsicValueEstimate.sum": {
            "value": 133.47000122070312,
            "min": -7.058588981628418,
            "max": 153.47337341308594,
            "count": 133
        },
        "MazeBall.Environment.CumulativeReward.mean": {
            "value": 0.8561151079136691,
            "min": -1.8,
            "max": 0.927007299270073,
            "count": 133
        },
        "MazeBall.Environment.CumulativeReward.sum": {
            "value": 119.0,
            "min": -9.0,
            "max": 131.0,
            "count": 133
        },
        "MazeBall.Policy.ExtrinsicReward.mean": {
            "value": 0.8561151079136691,
            "min": -1.8,
            "max": 0.927007299270073,
            "count": 133
        },
        "MazeBall.Policy.ExtrinsicReward.sum": {
            "value": 119.0,
            "min": -9.0,
            "max": 131.0,
            "count": 133
        },
        "MazeBall.Losses.PolicyLoss.mean": {
            "value": 0.06711698199796956,
            "min": 0.06097758249234175,
            "max": 0.07793254615535261,
            "count": 133
        },
        "MazeBall.Losses.PolicyLoss.sum": {
            "value": 0.06711698199796956,
            "min": 0.06097758249234175,
            "max": 0.15366893033205997,
            "count": 133
        },
        "MazeBall.Losses.ValueLoss.mean": {
            "value": 0.031816814735066146,
            "min": 0.009994899776870625,
            "max": 0.07156313523591962,
            "count": 133
        },
        "MazeBall.Losses.ValueLoss.sum": {
            "value": 0.031816814735066146,
            "min": 0.011413746784455725,
            "max": 0.136940946787945,
            "count": 133
        },
        "MazeBall.Policy.LearningRate.mean": {
            "value": 1.872399375900015e-06,
            "min": 1.872399375900015e-06,
            "max": 0.0002987604004132,
            "count": 133
        },
        "MazeBall.Policy.LearningRate.sum": {
            "value": 1.872399375900015e-06,
            "min": 1.872399375900015e-06,
            "max": 0.0005938164020611999,
            "count": 133
        },
        "MazeBall.Policy.Epsilon.mean": {
            "value": 0.099382141,
            "min": 0.0014090679999999994,
            "max": 0.099382141,
            "count": 133
        },
        "MazeBall.Policy.Epsilon.sum": {
            "value": 0.099382141,
            "min": 0.0014090679999999994,
            "max": 0.19754529500000004,
            "count": 133
        },
        "MazeBall.Policy.Beta.mean": {
            "value": 1.3058090000000028e-05,
            "min": 1.3058090000000028e-05,
            "max": 0.00049797532,
            "count": 133
        },
        "MazeBall.Policy.Beta.sum": {
            "value": 1.3058090000000028e-05,
            "min": 1.3058090000000028e-05,
            "max": 0.0009899001200000001,
            "count": 133
        },
        "MazeBall.IsTraining.mean": {
            "value": 1.0,
            "min": 1.0,
            "max": 1.0,
            "count": 133
        },
        "MazeBall.IsTraining.sum": {
            "value": 1.0,
            "min": 1.0,
            "max": 1.0,
            "count": 133
        }
    },
    "metadata": {
        "timer_format_version": "0.1.0",
        "start_time_seconds": "1642363325",
        "python_version": "3.9.9 (tags/v3.9.9:ccb0e6a, Nov 15 2021, 18:08:50) [MSC v.1929 64 bit (AMD64)]",
        "command_line_arguments": "C:\\Users\\Guillem\\AppData\\Local\\Packages\\PythonSoftwareFoundation.Python.3.9_qbz5n2kfra8p0\\LocalCache\\local-packages\\Python39\\Scripts\\mlagents-learn .\\config\\Ball_config.yaml --initialize-from=FirstCorner --run-id=RandomPositionsTop --force",
        "mlagents_version": "0.27.0",
        "mlagents_envs_version": "0.27.0",
        "communication_protocol_version": "1.5.0",
        "pytorch_version": "1.8.1+cu111",
        "numpy_version": "1.22.0",
        "end_time_seconds": "1642367418"
    },
    "total": 4092.7341356,
    "count": 1,
    "self": 0.004341399999702844,
    "children": {
        "run_training.setup": {
            "total": 0.19855849999999997,
            "count": 1,
            "self": 0.19855849999999997
        },
        "TrainerController.start_learning": {
            "total": 4092.5312357000003,
            "count": 1,
            "self": 9.68477980019361,
            "children": {
                "TrainerController._reset_env": {
                    "total": 11.5360059,
                    "count": 1,
                    "self": 11.5360059
                },
                "TrainerController.advance": {
                    "total": 4071.2595392998064,
                    "count": 1009908,
                    "self": 9.235136400008741,
                    "children": {
                        "env_step": {
                            "total": 3690.642496699814,
                            "count": 1009908,
                            "self": 2648.959309999592,
                            "children": {
                                "SubprocessEnvManager._take_step": {
                                    "total": 1035.3386206000969,
                                    "count": 1009908,
                                    "self": 30.396150200175498,
                                    "children": {
                                        "TorchPolicy.evaluate": {
                                            "total": 1004.9424703999214,
                                            "count": 1000064,
                                            "self": 392.9785138999865,
                                            "children": {
                                                "TorchPolicy.sample_actions": {
                                                    "total": 611.9639564999349,
                                                    "count": 1000064,
                                                    "self": 611.9639564999349
                                                }
                                            }
                                        }
                                    }
                                },
                                "workers": {
                                    "total": 6.344566100125313,
                                    "count": 1009908,
                                    "self": 0.0,
                                    "children": {
                                        "worker_root": {
                                            "total": 4069.265030000033,
                                            "count": 1009908,