{"count":1,"self":1486.921728,"total":5936.976734,"children":{"InitializeActuators":{"count":1,"self":0.0020017999999999998,"total":0.0020017999999999998,"children":null},"InitializeSensors":{"count":1,"self":0.0030034,"total":0.0030034,"children":null},"AgentSendState":{"count":5000051,"self":27.791542399999997,"total":308.1131064,"children":{"CollectObservations":{"count":1000011,"self":1.7323039999999998,"total":1.7323039,"children":null},"WriteActionMask":{"count":1000011,"self":0.8750726,"total":0.8750726,"children":null},"RequestDecision":{"count":1000011,"self":4.322004,"total":277.714188,"children":{"AgentInfo.ToProto":{"count":1000011,"self":4.79568,"total":273.3921838,"children":{"GenerateSensorData":{"count":1000011,"self":267.3108992,"total":268.59650369999997,"children":{"RayPerceptionSensor.Perceive":{"count":1000011,"self":1.2856117999999999,"total":1.2856117999999999,"children":null}}}}}}}}},"DecideAction":{"count":5000051,"self":4125.5170048,"total":4125.5168478999994,"children":null},"AgentAct":{"count":5000051,"self":14.477568,"total":14.536312299999999,"children":{"AgentInfo.ToProto":{"count":176,"self":0.0010003,"total":0.058743699999999996,"children":{"GenerateSensorData":{"count":176,"self":0.0577434,"total":0.0577434,"children":{"RayPerceptionSensor.Perceive":{"count":176,"self":0,"total":0,"children":null}}}}}}},"AgentInfo.ToProto":{"count":6780,"self":0.0274493,"total":1.8827786999999998,"children":{"GenerateSensorData":{"count":6780,"self":1.8503239999999999,"total":1.8553294,"children":{"RayPerceptionSensor.Perceive":{"count":6780,"self":0.0050054999999999995,"total":0.0050054999999999995,"children":null}}}}}},"gauges":{"MazeBall.CumulativeReward":{"count":6956,"max":1,"min":-4,"runningAverage":0.5797867,"value":1,"weightedAverage":0.9980626}},"metadata":{"timer_format_version":"0.1.0","start_time_seconds":"1642376249","unity_version":"2020.3.20f1","command_line_arguments":"C:\\Program Files\\Unity\\Hub\\Editor\\2020.3.20f1\\Editor\\Unity.exe -projectpath C:\/Users\/Guillem\/Desktop\/Guillem\/Github Projects\/AI-ML-Agents -useHub -hubIPC -cloudEnvironment production -hubSessionId 62060190-76e2-11ec-b7d5-c18f0ddd16d1","communication_protocol_version":"1.5.0","com.unity.ml-agents_version":"2.1.0-exp.1","scene_name":"SampleScene","end_time_seconds":"1642382186"}}